Code;Name
Code;Name
SERVICIOS;SERVICIOS
CELULARES Y TELEFONIA;CELULARES Y TELEFONIA
AUDIO;AUDIO
COMPUTACION;COMPUTACION
INSTRUMENTOS MUSICALES;INSTRUMENTOS MUSICALES
SEGURIDAD Y CITOFONIA;SEGURIDAD Y CITOFONIA
ESTACIONALES;ESTACIONALES
HOGAR Y SALUD;HOGAR Y SALUD
ELECTRICIDAD Y PILAS;ELECTRICIDAD Y PILAS
ELECT Y SEMICONDUCTORES;ELECT Y SEMICONDUCTORES
TV Y VIDEO;TV Y VIDEO
ILUMINACION;ILUMINACION
ENTRETENIMIENTO;ENTRETENIMIENTO
CABLES Y ADAPTADORES;CABLES Y ADAPTADORES
FERRETRIA;FERRETRIA
EFECTO DISCOTEQUE;EFECTO DISCOTEQUE
AUTOMOTRIZ;AUTOMOTRIZ
Accesorios Automotriz;ACCESORIOS AUTOMOTRIZ
ACTIVOS;ACTIVOS
ACUERDOS COMERCIALES;ACUERDOS COMERCIALES
