Code;Name;U_Grupo
Code;Name;U_Grupo
TRADICIONALES;TRADICIONALES;BASICOS
SENIOR;SENIOR;BASICOS
OPEN;OPEN;SMARTPHONES
PREPAGOS;PREPAGOS;SMARTPHONES
TARJETAS SIM;TARJETAS SIM;ACCESORIOS CELULARES
SOPORTES CELULARES;SOPORTES CELULARES;ACCESORIOS CELULARES
CARGADORES CELULARES 220V;CARGADORES CELULARES 220V;ACCESORIOS CELULARES
CARGADORES CELULARES 12V;CARGADORES CELULARES 12V;ACCESORIOS CELULARES
KIT CARGADORES CELULARES;KIT CARGADORES CELULARES;ACCESORIOS CELULARES
BATERIAS CELULARES;BATERIAS CELULARES;ACCESORIOS CELULARES
MANOS LIBRES;MANOS LIBRES;ACCESORIOS CELULARES
LENTES PARA CELULARES;LENTES PARA CELULARES;ACCESORIOS CELULARES
CABLES CELULARES;CABLES CELULARES;ACCESORIOS CELULARES
CARCASAS;CARCASAS;ACCESORIOS CELULARES
ADAPTADORES CELULARES;ADAPTADORES CELULARES;ACCESORIOS CELULARES
MODEM BANDA ANCHA;MODEM BANDA ANCHA;ACCESORIOS CELULARES
PROTECTORES DE PANTALLA;PROTECTORES DE PANTALLA;ACCESORIOS CELULARES
CARGADORES CELULARES INALAMBRICOS;CARGADORES CELULARES INALAMBRICOS;ACCESORIOS CELULARES
DISPOSITIVOS BLUETOOTH;DISPOSITIVOS BLUETOOTH;ACCESORIOS CELULARES
SMARTWATCHES;SMARTWATCHES;WEREABLES
FITNESS;FITNESS;WEREABLES
SIMPLE;SIMPLE;INALAMBRICOS
DOBLE;DOBLE;INALAMBRICOS
SOBREMESA;SOBREMESA;ALAMBRICOS.
GONDOLAS;GONDOLAS;ALAMBRICOS.
TELEFONOS DE PRUEBAS;TELEFONOS DE PRUEBAS;ALAMBRICOS.
GENERADORES DE TONOS;GENERADORES DE TONOS;ACCESORIOS TELEFONIA FIJA
BATERIAS TELEFONOS FIJOS;BATERIAS TELEFONOS FIJOS;ACCESORIOS TELEFONIA FIJA
ADAPTADORES TELEFONIA FIJA;ADAPTADORES TELEFONIA FIJA;ACCESORIOS TELEFONIA FIJA
ALTAVOCES TELEFONIA FIJA;ALTAVOCES TELEFONIA FIJA;ACCESORIOS TELEFONIA FIJA
CINTILLOS TELEFONICOS;CINTILLOS TELEFONICOS;ACCESORIOS TELEFONIA FIJA
CONECTORES TELEFONICOS;CONECTORES TELEFONICOS;ACCESORIOS TELEFONIA FIJA
ROSETAS TELEFONICAS;ROSETAS TELEFONICAS;ACCESORIOS TELEFONIA FIJA
CABLE EXTENSION TELEFONICA;CABLE EXTENSION TELEFONICA;ACCESORIOS TELEFONIA FIJA
CABLE EXTENSION RETRACTIL;CABLE EXTENSION RETRACTIL;ACCESORIOS TELEFONIA FIJA
PROBADOR TELEFONICO;PROBADOR TELEFONICO;ACCESORIOS TELEFONIA FIJA
ACCESORIOS VARIOS TELEFONIA FIJA;ACCESORIOS VARIOS TELEFONIA FIJA;ACCESORIOS TELEFONIA FIJA
CENTRALES ANALOGAS;CENTRALES ANALOGAS;CENTRALES TELEFONICAS
CENTRALES MULTILINEAS;CENTRALES MULTILINEAS;CENTRALES TELEFONICAS
TARJETAS Y TELEFONOS CENTRALES TELEFONICAS;TARJETAS Y TELEFONOS CENTRALES TELEFONICAS;CENTRALES TELEFONICAS
GRABADORAS DE VOZ;GRABADORAS DE VOZ;AUDIO
GPS AUTOMOVILES;GPS AUTOMOVILES;GPS
GPS OUTDOOR;GPS OUTDOOR;GPS
DETECTOR RADAR 360;DETECTOR RADAR 361;DETECTOR DE RADAR
MICROCOMPONENTES;MICROCOMPONENTES;EQUIPOS DE MUSICA
MINICOMPONENTES;MINICOMPONENTES;EQUIPOS DE MUSICA
ALL IN ONE;ALL IN ONE;EQUIPOS DE MUSICA
RADIOS;RADIOS;EQUIPOS DE MUSICA
TORNAMESAS;TORNAMESAS;EQUIPOS DE MUSICA
SOUNDBARS;SOUNDBARS;SISTEMAS DE SONIDO
HIFI;HIFI;SISTEMAS DE SONIDO
KARAOKES;KARAOKES;PARLANTES BLUETOOTH
TORRES;TORRES;PARLANTES BLUETOOTH
MINI PARLANTES;MINI PARLANTES;PARLANTES BLUETOOTH
BAZUKAS;BAZUKAS;PARLANTES BLUETOOTH
BARRAS;BARRAS;PARLANTES BLUETOOTH
MP3;MP3;REPRODUCTORES PORTATIL
MP4;MP4;REPRODUCTORES PORTATIL
TRANSMISOR FM;TRANSMISOR FM;REPRODUCTORES PORTATIL
CONTROLADORES DJ;CONTROLADORES DJ;HOME STUDIO
INTERFACES;INTERFACES;HOME STUDIO
SET DE ESTUDIO;SET DE ESTUDIO;HOME STUDIO
MONITORES;MONITORES;HOME STUDIO
AUDIFONOS IN EAR;AUDIFONOS IN EAR;ALAMBRICOS
AUDIFONOS SOBREPUESTO;AUDIFONOS SOBREPUESTO;ALAMBRICOS
AUDIFONOS IN EAR BLUETOOTH;AUDIFONOS IN EAR BLUETOOTH;INALAMBRICOS.
AUDIFONOS SOBREPUESTO BLUETOOTH;AUDIFONOS SOBREPUESTO BLUETOOTH;INALAMBRICOS.
MICROFONOS VHF;MICROFONOS VHF;INALAMBRICOS..
MICROFONOS UHF;MICROFONOS UHF;INALAMBRICOS..
MICROFONOS DINAMICOS;MICROFONOS DINAMICOS;ALAMBRICOS..
MICROFONOS CONDENSADOR;MICROFONOS CONDENSADOR;ALAMBRICOS..
SOPORTES MICROFONOS;SOPORTES MICROFONOS;ACCESORIOS
REJILLAS MICROFONO;REJILLAS MICROFONO;ACCESORIOS
CORTA VIENTO;CORTA VIENTO;ACCESORIOS
BAFLES ACTIVOS;BAFLES ACTIVOS;BAFLES
BAFLES PASIVOS;BAFLES PASIVOS;BAFLES
COMBOS DE AUDIO;COMBOS DE AUDIO;BAFLES
SOPORTES PARLANTES;SOPORTES PARLANTES;BAFLES
PARTES Y PIEZAS;PARTES Y PIEZAS;BAFLES
AMPLIFICADOR MONOFONICO;AMPLIFICADOR MONOFONICO;AMPLIFICADORES
AMPLIFICADOR STEREO;AMPLIFICADOR STEREO;AMPLIFICADORES
MIXER;MIXER;MESAS DE SONIDO
MIXER AMPLIFICADO;MIXER AMPLIFICADO;MESAS DE SONIDO
EQUALIZADORES;EQUALIZADORES;PROCESADORES DE AUDIO
CAJAS DIRECTAS;CAJAS DIRECTAS;PROCESADORES DE AUDIO
CAJAS PASIVAS;CAJAS PASIVAS;PROCESADORES DE AUDIO
CROSSOVER;CROSSOVER;PROCESADORES DE AUDIO
MEGAFONO;MEGAFONO;PORTATILES
PERSONALES.;PERSONALES.;PORTATILES
SOBREPUESTO..;SOBREPUESTO..;AMBIENTALES
EMBUTIDO;EMBUTIDO;AMBIENTALES
BOCINAS;BOCINAS;AMBIENTALES
DRIVERS;DRIVERS;AMBIENTALES
SIRENAS 12V;SIRENAS 12V;SIRENAS
SIRENAS 220V;SIRENAS 220V;SIRENAS
DISCOS DUROS INTERNOS;DISCOS DUROS INTERNOS;DISCOS DUROS
DISCOS DUROS EXTERNOS;DISCOS DUROS EXTERNOS;DISCOS DUROS
DISCOS DUROS ESTADO SOLIDO;DISCOS DUROS ESTADO SOLIDO;DISCOS DUROS
PACK DISCOS + MEMORIA;PACK DISCOS + MEMORIA;DISCOS DUROS
PORTA DISCO DURO Y ACCESORIOS;PORTA DISCO DURO Y ACCESORIOS;DISCOS DUROS
PEN DRIVE 4GB;PEN DRIVE 4GB;PEN DRIVE
PEN DRIVE 8GB;PEN DRIVE 8GB;PEN DRIVE
PEN DRIVE 16GB;PEN DRIVE 16GB;PEN DRIVE
PEN DRIVE 32GB;PEN DRIVE 32GB;PEN DRIVE
PEN DRIVE 64GB;PEN DRIVE 64GB;PEN DRIVE
PEN DRIVE 128GB;PEN DRIVE 128GB;PEN DRIVE
PEN DRIVE 256GB;PEN DRIVE 256GB;PEN DRIVE
PEN DRIVE 512GB;PEN DRIVE 512GB;PEN DRIVE
PACK MEMORIAS;PACK MEMORIAS;PEN DRIVE
SD 4GB;SD 4GB;MEMORIAS FLASH
SD 8GB;SD 8GB;MEMORIAS FLASH
SD 16GB;SD 16GB;MEMORIAS FLASH
SD 32GB;SD 32GB;MEMORIAS FLASH
SD 64GB;SD 64GB;MEMORIAS FLASH
SD 128GB;SD 128GB;MEMORIAS FLASH
MICROSD 8GB;MICROSD 8GB;MEMORIAS FLASH
MICROSD 16GB;MICROSD 16GB;MEMORIAS FLASH
MICROSD 32GB;MICROSD 32GB;MEMORIAS FLASH
MICROSD 64GB;MICROSD 64GB;MEMORIAS FLASH
MICROSD 128GB;MICROSD 128GB;MEMORIAS FLASH
MICROSD 256GB;MICROSD 256GB;MEMORIAS FLASH
COMPACT FLASH;COMPACT FLASH;MEMORIAS FLASH
LECTOR MEMORIA;LECTOR MEMORIA;LECTORES DE MEMORIAS
MEMORIA PARA NOTEBOOK;MEMORIA PARA NOTEBOOK;MEMORIA RAM
MEMORIA PARA PC;MEMORIA PARA PC;MEMORIA RAM
NOTEBOOKS;NOTEBOOKS;NOTEBOOK >ACCESORIOS
LAMPARAS USB;LAMPARAS USB;NOTEBOOK >ACCESORIOS
PANTALLA  Y BATERIAS DE NOTEBOOK;PANTALLA  Y BATERIAS DE NOTEBOOK;NOTEBOOK >ACCESORIOS
BASE VENTILADORAS;BASE VENTILADORAS;NOTEBOOK >ACCESORIOS
FUENTES DE PODER NOTEBOOK;FUENTES DE PODER NOTEBOOK;NOTEBOOK >ACCESORIOS
SEGURIDAD;SEGURIDAD;NOTEBOOK >ACCESORIOS
FUNDAS, BOLSOS Y MOCHILAS;FUNDAS, BOLSOS Y MOCHILAS;NOTEBOOK >ACCESORIOS
ACCESORIOS VARIOS.;ACCESORIOS VARIOS.;NOTEBOOK >ACCESORIOS
COMPUTADORES;COMPUTADORES;COMPUTADORES
FUENTES PODER PARA GABINETE;FUENTES PODER PARA GABINETE;COMPUTADORES
GABINETES ATX;GABINETES ATX;PARTES  >PIEZAS PARA COMPUTADORES
PROCESADORES;PROCESADORES;PARTES  >PIEZAS PARA COMPUTADORES
TARJETAS MADRES;TARJETAS MADRES;PARTES  >PIEZAS PARA COMPUTADORES
TARJETAS DE SONDO;TARJETAS DE SONDO;PARTES  >PIEZAS PARA COMPUTADORES
TARJETA DE VIDEO;TARJETA DE VIDEO;PARTES  >PIEZAS PARA COMPUTADORES
TARJETAS VARIAS;TARJETAS VARIAS;PARTES  >PIEZAS PARA COMPUTADORES
MOUSE PS/2;MOUSE PS/3;MOUSE
MINI MOUSE;MINI MOUSE;MOUSE
MOUSE USB;MOUSE USB;MOUSE
MOUSE INALAMBRICO;MOUSE INALAMBRICO;MOUSE
MOUSE BLUETOOTH;MOUSE BLUETOOTH;MOUSE
MOUSE PAD APOYO;MOUSE PAD APOYO;MOUSE
TECLADO USB;TECLADO USB;TECLADOS.
MULTIMEDIA;MULTIMEDIA;TECLADOS.
TECLADO PS/2;TECLADO PS/3;TECLADOS.
MINI TECLADO;MINI TECLADO;TECLADOS.
TECLADO INALAMBRICOS;TECLADO INALAMBRICOS;TECLADOS.
TECLADOS PARA SMART TV;TECLADOS PARA SMART TV;TECLADOS.
TECLADO BLUETOOTH;TECLADO BLUETOOTH;TECLADOS.
TECLADO NUMERICOS;TECLADO NUMERICOS;TECLADOS.
CONVERSORES;CONVERSORES;CONVERSORES >ADPATADORES>COPLAS
ADAPTADORES;ADAPTADORES;CONVERSORES >ADPATADORES>COPLAS
COPLAS.;COPLAS.;CONVERSORES >ADPATADORES>COPLAS
SPLITER VGA;SPLITER VGA;SWITCH >SPLITER VGA
SWITCH VGA;SWITCH VGA;SWITCH >SPLITER VGA
4 PUERTOS;4 PUERTOS;HUB USB
7 PUERTOS;7 PUERTOS;HUB USB
USB;USB;FONOS CON MICROFONO
3,5 STEREO;3,5 STEREO;FONOS CON MICROFONO
CPU Y USB;CPU Y USB;VENTILADORES.
TABLA DIGITALIZADORA;TABLA DIGITALIZADORA;TABLAS DIGITALIZADORAS
LIMPIEZA PANTALLA LCD;LIMPIEZA PANTALLA LCD;LIMPIEZA
BLUETOOTH >INALAMBRICO;BLUETOOTH >INALAMBRICO;LECTORES CODIGO DE BARRA
PORTATIL.;PORTATIL.;SCANNER
ESTACIONARIO;ESTACIONARIO;SCANNER
CAMARA WEB;CAMARA WEB;CAMARAS WEB
EXTTERNO USB;EXTTERNO USB;LECTORES Y GRABAORES OPTICOS
INTERNO SATA;INTERNO SATA;LECTORES Y GRABAORES OPTICOS
2.0;2.1;PARLANTES PARA COMPUTADOR
BARRA;BARRA;PARLANTES PARA COMPUTADOR
DOCKING;DOCKING;PARLANTES PARA COMPUTADOR
WOOFER;WOOFER;PARLANTES PARA COMPUTADOR
\"16\"\".\";\"16\"\".\";MONITORES LED
\"19\"\".\";\"19\"\".\";MONITORES LED
\"20\"\".\";\"20\"\".\";MONITORES LED
\"22\"\".\";\"22\"\".\";MONITORES LED
\"23\"\".\";\"23\"\".\";MONITORES LED
\"24\"\".\";\"24\"\".\";MONITORES LED
\"27\"\"\";\"27\"\"\";MONITORES LED
\"16\"\"\";\"16\"\"\";MONITORES LED TV
\"19\"\"\";\"19\"\"\";MONITORES LED TV
\"20\"\"\";\"20\"\"\";MONITORES LED TV
\"22\"\"\";\"22\"\"\";MONITORES LED TV
\"23\"\"\";\"23\"\"\";MONITORES LED TV
\"24\"\"\";\"24\"\"\";MONITORES LED TV
\"28\"\"\";\"28\"\"\";MONITORES LED TV
\"32\"\"\";\"32\"\"\";MONITORES LED TV
\"40\"\"\";\"40\"\"\";MONITORES LED TV
PROYECTOR;PROYECTOR;PROYECTORES
MINI PROYECTOR;MINI PROYECTOR;PROYECTORES
TELON MURAL;TELON MURAL;PROYECTORES
TELON CON TRIPODE;TELON CON TRIPODE;PROYECTORES
TELON ELECTRICO;TELON ELECTRICO;PROYECTORES
PRESETADOR;PRESETADOR;PRESENTADORES
PUNTERO LASER;PUNTERO LASER;PRESENTADORES
ANDORID TV;ANDORID TV;REPRODUCTORES MULTIMEDIA
\"6\"\"\";\"6\"\"\";MARCOS DIGITALES
\"7\"\"\";\"7\"\"\";MARCOS DIGITALES
\"10\"\"\";\"10\"\"\";MARCOS DIGITALES
\"12\"\"\";\"12\"\"\";MARCOS DIGITALES
LASER;LASER;IMPRESORAS
LASER MULTIFUCIONAL;LASER MULTIFUCIONAL;IMPRESORAS
INYECCION A TINTA;INYECCION A TINTA;IMPRESORAS
INYECCION A TINTA MULTIFUNCIONAL;INYECCION A TINTA MULTIFUNCIONAL;IMPRESORAS
MATRIZ DE PUNTO;MATRIZ DE PUNTO;IMPRESORAS
TINTA EN CARTRIDGE ORIGINAL;TINTA EN CARTRIDGE ORIGINAL;SUMINISTROS PARA IMPRESORAS
TINTA EN CARTRIDGE ALTERNATIVO;TINTA EN CARTRIDGE ALTERNATIVO;SUMINISTROS PARA IMPRESORAS
TONER LASER ORIGINALES;TONER LASER ORIGINALES;SUMINISTROS PARA IMPRESORAS
TONER LASER ALTERNATIVOS;TONER LASER ALTERNATIVOS;SUMINISTROS PARA IMPRESORAS
CINTA;CINTA;SUMINISTROS PARA IMPRESORAS
PAPEL Y RESMAS;PAPEL Y RESMAS;SUMINISTROS PARA IMPRESORAS
ROTULADORAS;ROTULADORAS;IMPRESORAS  Y CINTAS
CINTAS;CINTAS;IMPRESORAS  Y CINTAS
BASICA Y ESCRITORIO;BASICA Y ESCRITORIO;OFICINA
SUMADOARAS CON PAPEL;SUMADOARAS CON PAPEL;OFICINA
ACCESORIOS,;ACCESORIOS,;OFICINA
CIENTIFICA BASICA;CIENTIFICA BASICA;ESCOLARES
TRADUCTORES;TRADUCTORES;ESCOLARES
CRONOMETROS;CRONOMETROS;ESCOLARES
FINANCIERAS;FINANCIERAS;UNIVERSITARIAS
CIENTIFICA GRAFICA;CIENTIFICA GRAFICA;UNIVERSITARIAS
500VA A 900VA;500VA A 900VA;UPS
1000VA  A  1900VA;1000VA  A  1900VA;UPS
2000VA  A  4000VA;2000VA  A  4000VA;UPS
1.000MA - 9.900MA;1.000MA - 9.900MA;POWER BANK
10.000MA - 20.000MA;10.000MA - 20.000MA;POWER BANK
SOLARES;SOLARES;POWER BANK
ANTIVIRUS;ANTIVIRUS;SOFTWARE
CONTABLES;CONTABLES;SOFTWARE
WINDOWS;WINDOWS;SOFTWARE
OFFICE;OFFICE;SOFTWARE
LICENCIAS VARIAS;LICENCIAS VARIAS;SOFTWARE
TABLET;TABLET;TABLET
FUNDAS, ESTUCHES Y ACCESORIOS;FUNDAS, ESTUCHES Y ACCESORIOS;TABLET
ACCESS POINT;ACCESS POINT;REDES Y CONECTIVIDAD
ROUTERS;ROUTERS;REDES Y CONECTIVIDAD
REPETIDORES DE SEÑAL;REPETIDORES DE SEÑAL;REDES Y CONECTIVIDAD
SWITCH DE REDES;SWITCH DE REDES;REDES Y CONECTIVIDAD
HUB DE REDES;HUB DE REDES;REDES Y CONECTIVIDAD
POWER LINE;POWER LINE;REDES Y CONECTIVIDAD
PANELES DE CONEXION Y RACK;PANELES DE CONEXION Y RACK;REDES Y CONECTIVIDAD
PRINT SERVER;PRINT SERVER;REDES Y CONECTIVIDAD
ANTENAS;ANTENAS;REDES Y CONECTIVIDAD
ADAPTADORES USB WI-FI;ADAPTADORES USB WI-FI;REDES Y CONECTIVIDAD
TARJETAS DE RED;TARJETAS DE RED;REDES Y CONECTIVIDAD
CONECTORES DE RED;CONECTORES DE RED;ACCESOROS PARA REDES
COPLAS PARA RED RJ-45;COPLAS PARA RED RJ-46;ACCESOROS PARA REDES
MODULOS PARA RED;MODULOS PARA RED;ACCESOROS PARA REDES
ROSETAS PARA RED;ROSETAS PARA RED;ACCESOROS PARA REDES
CAPUCHAS CONECTORES DE RED;CAPUCHAS CONECTORES DE RED;ACCESOROS PARA REDES
MOUSE;MOUSE;GAMER
TECLADO;TECLADO;GAMER
PARLANTES Y WOOFER;PARLANTES Y WOOFER;GAMER
FONO CON MICROFONO;FONO CON MICROFONO;GAMER
GAME PAD;GAME PAD;GAMER
SILLA;SILLA;GAMER
PACK GAMER;PACK GAMER;GAMER
MICROFONO;MICROFONO;GAMER
Guitarra Clasica;Guitarra Clasica;GUITARRAS
Guitarras Electricas;Guitarras Electricas;GUITARRAS
Guitarras Electroacusticas;Guitarras Electroacusticas;GUITARRAS
Clavijas Guitarra Clasica;Clavijas Guitarra Clasica;GUITARRAS
Violines Acusticos;Violines Acusticos;VIOLINES
Violines Electricos;Violines Electricos;VIOLINES
Resina Pecastilla Violin;Resina Pecastilla Violin;VIOLINES
Bajos Electricos;Bajos Electricos;BAJO
Bajos Acusticos;Bajos Acusticos;BAJO
Ukeleles Acusticos;Ukeleles Acusticos;UKELELES
Ukeleles Electricos;Ukeleles Electricos;UKELELES
Afinadores;Afinadores;ACCESORIOS DE CUERDAS
Uñetas;Uñetas;ACCESORIOS DE CUERDAS
Correas;Correas;ACCESORIOS DE CUERDAS
Atriles guitarra;Atriles guitarra;ACCESORIOS DE CUERDAS
Amplificadores;Amplificadores;ACCESORIOS DE CUERDAS
Fundas.;Fundas.;ACCESORIOS DE CUERDAS
Cejillos;Cejillos;ACCESORIOS DE CUERDAS
Efectos Guitarra;Efectos Guitarra;ACCESORIOS DE CUERDAS
Cuerdas Guitarra Clasica;Cuerdas Guitarra Clasica;SET DE CUERDAS
Cuerdas Guitarra Electricas;Cuerdas Guitarra Electricas;SET DE CUERDAS
Cuerdas Guitarra Electroacustica;Cuerdas Guitarra Electroacustica;SET DE CUERDAS
Cuerdas Violin;Cuerdas Violin;SET DE CUERDAS
Cuerdas Bajo;Cuerdas Bajo;SET DE CUERDAS
Cuerdas Ukelele;Cuerdas Ukelele;SET DE CUERDAS
Cuerdas Mandolina;Cuerdas Mandolina;SET DE CUERDAS
Dulce;Dulce;FLAUTAS
Traversa;Traversa;FLAUTAS
Melodicas;Melodicas;MELODICAS
Armonicas;Armonicas;ARMONICAS
Trompeta;Trompeta;TROMPETAS
Acordeon;Acordeon;ACORDEON
Teclados;Teclados;TECLADOS
Controlador MIDI;Controlador MIDI;TECLADOS
Atriles de Teclado;Atriles de Teclado;ACCESORIOS TECLADOS
Fundas;Fundas;ACCESORIOS TECLADOS
Pedales;Pedales;ACCESORIOS TECLADOS
Bateria niño;Bateria niño;BATERIA
Baquetas;Baquetas;BATERIA
Metalofonos;Metalofonos;METALOFONOS
Varilla Metalofono;Varilla Metalofono;METALOFONOS
Guiro;Guiro;GUIROS
Peine Guiro;Peine Guiro;GUIROS
Pandero;Pandero;PANDEROS
Jam Block;Jam Block;JAM BLOCK Y CENCERROS
Cencerros;Cencerros;JAM BLOCK Y CENCERROS
Maracas;Maracas;MARACAS
Bongoes;Bongoes;BONGOES
Set percusion;Set percusion;SET DE PERCUSION
DVR 4 CANALES;DVR 4 CANALES;SEGURIDAD HOGAR, OFICINA Y PERIMETRAL
DVR 8 CANALES;DVR 8 CANALES;SEGURIDAD HOGAR, OFICINA Y PERIMETRAL
DVR 16 CANALES;DVR 16 CANALES;SEGURIDAD HOGAR, OFICINA Y PERIMETRAL
DVR 32 CANALES;DVR 32 CANALES;SEGURIDAD HOGAR, OFICINA Y PERIMETRAL
KIT DVR 4 CANALES CON CAMARAS;KIT DVR 4 CANALES CON CAMARAS;SEGURIDAD HOGAR, OFICINA Y PERIMETRAL
KIT DVR 8 CANALES CON CAMARAS;KIT DVR 8 CANALES CON CAMARAS;SEGURIDAD HOGAR, OFICINA Y PERIMETRAL
KIT DVR 16CANALES CON CAMARAS;KIT DVR 16CANALES CON CAMARAS;SEGURIDAD HOGAR, OFICINA Y PERIMETRAL
NVR 4 CANALES;NVR 4 CANALES;SEGURIDAD HOGAR, OFICINA Y PERIMETRAL
NVR  8 CANALES;NVR  8 CANALES;SEGURIDAD HOGAR, OFICINA Y PERIMETRAL
NVR 16 CANALES;NVR 16 CANALES;SEGURIDAD HOGAR, OFICINA Y PERIMETRAL
KIT NVR 4 CANALES CON CAMARAS;KIT NVR 4 CANALES CON CAMARAS;SEGURIDAD HOGAR, OFICINA Y PERIMETRAL
KIT NVR 8 CANALES CON CAMARAS;KIT NVR 8 CANALES CON CAMARAS;SEGURIDAD HOGAR, OFICINA Y PERIMETRAL
KIT NVR 16 CANALES CON CAMARAS;KIT NVR 16 CANALES CON CAMARAS;SEGURIDAD HOGAR, OFICINA Y PERIMETRAL
CAMARAS TIPO DOMO;CAMARAS TIPO DOMO;CAMARAS DE SEGURIDAD CCTV
CAMARAS TIPO BULLET;CAMARAS TIPO BULLET;CAMARAS DE SEGURIDAD CCTV
CAMARAS IP;CAMARAS IP;CAMARAS DE SEGURIDAD CCTV
CAMARAS PTZ;CAMARAS PTZ;CAMARAS DE SEGURIDAD CCTV
CAMARAS FALZAS;CAMARAS FALZAS;CAMARAS DE SEGURIDAD CCTV
SELLADAS;SELLADAS;CAMARAS DE SEGURIDAD CCTV
ESPIAS;ESPIAS;CAMARAS DE SEGURIDAD CCTV
CONTROLADORES PARA CAMARA;CONTROLADORES PARA CAMARA;CAMARAS DE SEGURIDAD CCTV
CAMARAS >KIT DE INSPECCION;CAMARAS >KIT DE INSPECCION;SISTEMAS DE INPECCION DUCTOS
PERSONALES;PERSONALES;ALARMAS
CENTRALES DE ALARMA;CENTRALES DE ALARMA;ALARMAS
DETECTORES DE METALES;DETECTORES DE METALES;ALARMAS
SIRENAS.;SIRENAS.;ALARMAS
DSC;DSC;ALARMAS
GSM;GSM;ALARMAS
VARIAS;VARIAS;ALARMAS
CONTROL INSENDIO;CONTROL INSENDIO;ACCESORIOS PARA ALARMAS
CAJAS PROTECTORAS DE SIRENA;CAJAS PROTECTORAS DE SIRENA;ACCESORIOS PARA ALARMAS
TECLADOS;TECLADOS;ACCESORIOS PARA ALARMAS
BOTONES DE PANICO;BOTONES DE PANICO;ACCESORIOS PARA ALARMAS
TAMPER;TAMPER;ACCESORIOS PARA ALARMAS
DISCADORES;DISCADORES;ACCESORIOS PARA ALARMAS
DETECTORES DE BILLETES FALSOS;DETECTORES DE BILLETES FALSOS;PREVENSION DE FRAUDE
CABLES ARMADOS CCTV;CABLES ARMADOS CCTV;ACCESORIOS PARA CAMARA
FUENTES DE PODER.;FUENTES DE PODER.;ACCESORIOS PARA CAMARA
BALUM VIDEO;BALUM VIDEO;ACCESORIOS PARA CAMARA
CONECTORES PARA CAMARA;CONECTORES PARA CAMARA;ACCESORIOS PARA CAMARA
VIDEO SENDER;VIDEO SENDER;ACCESORIOS PARA CAMARA
AMPLIFICADOR VIDEO>MICROFONO;AMPLIFICADOR VIDEO>MICROFONO;ACCESORIOS PARA CAMARA
SOPORTES PARA CAMARA;SOPORTES PARA CAMARA;ACCESORIOS PARA CAMARA
PROTECCION PARA CAMARAS (HOUSSING);PROTECCION PARA CAMARAS (HOUSSING);ACCESORIOS PARA CAMARA
DISTRIBUIDOR DE VIDEO;DISTRIBUIDOR DE VIDEO;ACCESORIOS PARA CAMARA
LENTE PARA CAMARA SEGURIDAD;LENTE PARA CAMARA SEGURIDAD;ACCESORIOS PARA CAMARA
TESTER CCTV;TESTER CCTV;ACCESORIOS PARA CAMARA
KIT DOMOTICA;KIT DOMOTICA;CASA INTELIGENTE
ACCESOROS DOMOTICA;ACCESOROS DOMOTICA;CASA INTELIGENTE
CONTROLES REMOTOS P/APERTURA;CONTROLES REMOTOS P/APERTURA;AUTOMATIZACION DE ACCESSO
RECEPTORES;RECEPTORES;AUTOMATIZACION DE ACCESSO
MOTORES DE APERTURA;MOTORES DE APERTURA;AUTOMATIZACION DE ACCESSO
KIT MOTORES DE APERTURA;KIT MOTORES DE APERTURA;AUTOMATIZACION DE ACCESSO
TEMPORIZADORES;TEMPORIZADORES;AUTOMATIZACION DE ACCESSO
CARGADORES DE BATERIA;CARGADORES DE BATERIA;AUTOMATIZACION DE ACCESSO
DUPLICADORES;DUPLICADORES;AUTOMATIZACION DE ACCESSO
ACCESORIOS PARA ACCESO;ACCESORIOS PARA ACCESO;AUTOMATIZACION DE ACCESSO
CREMALLERAS;CREMALLERAS;AUTOMATIZACION DE ACCESSO
FOTOCELDAS.;FOTOCELDAS.;AUTOMATIZACION DE ACCESSO
ACCESORIOS VARIOS;ACCESORIOS VARIOS;AUTOMATIZACION DE ACCESSO
INFRAROJOS;INFRAROJOS;SENSORES PARA ALARMAS
MAGNETICOS;MAGNETICOS;SENSORES PARA ALARMAS
RAYOS LINEALES;RAYOS LINEALES;SENSORES PARA ALARMAS
DETECTORES DE HUMO;DETECTORES DE HUMO;SENSORES PARA ALARMAS
SPRAY DE PRUEBA;SPRAY DE PRUEBA;SENSORES PARA ALARMAS
DETECTOR DE GAS;DETECTOR DE GAS;SENSORES PARA ALARMAS
FOCOS INFRAROJOS;FOCOS INFRAROJOS;SENSORES PARA ALARMAS
CAJAS.;CAJAS.;CAJAS DE SEGURIDAD
PORTATILES;PORTATILES;RADIO TRANSMIDORES
TRANSCEPTORES;TRANSCEPTORES;RADIO TRANSMIDORES
ACCESORIOS RADIO COMUNICACIÓN >TRANSCEPTORES;ACCESORIOS RADIO COMUNICACIÓN >TRANSCEPTORES;RADIO TRANSMIDORES
BABY SISTEM;BABY SISTEM;SEGURIDAD PARA BEBES
DESTRABADORES  Y MIRILLAS;DESTRABADORES  Y MIRILLAS;SEGURIDAD PARA PUERTAS
SEÑALETICA;SEÑALETICA;SEGURIDAD VISUAL
CITOFONOS;CITOFONOS;CONTROL DE ACCESO Y SEGURIDAD
VIDEO PORTERO;VIDEO PORTERO;CONTROL DE ACCESO Y SEGURIDAD
KIT VIDEO PORTERO >PORTERO;KIT VIDEO PORTERO >PORTERO;CONTROL DE ACCESO Y SEGURIDAD
CONSEJERIA;CONSEJERIA;CONTROL DE ACCESO Y SEGURIDAD
ACCESORIOS PARA CITOFONIA;ACCESORIOS PARA CITOFONIA;CONTROL DE ACCESO Y SEGURIDAD
FUENTES DE PODER;FUENTES DE PODER;CONTROL DE ACCESO Y SEGURIDAD
TERMOVENTILADORES;TERMOVENTILADORES;CALEFACTORES
CALEFACTORES;CALEFACTORES;CALEFACTORES
ROPA CAMA;ROPA CAMA;CALEFACTORES
VENTILADORES PISO;VENTILADORES PISO;VENTILADORES
VENTILADORES SOBREMESA;VENTILADORES SOBREMESA;VENTILADORES
VENTILADORES TECHO;VENTILADORES TECHO;VENTILADORES
MURO;MURO;VENTILADORES
GUIRNALDAS LED;GUIRNALDAS LED;LUCES
GUIRNALDAS A PILAS;GUIRNALDAS A PILAS;LUCES
MANGUERAS;MANGUERAS;LUCES
PINOS;PINOS;ADORNOS
FIGURAS Y BOLAS;FIGURAS Y BOLAS;ADORNOS
ANIMADAS;ANIMADAS;ADORNOS.
FIGURAS;FIGURAS;ADORNOS.
BATIDORAS;BATIDORAS;ELECTRODOMESTICOS
CAFETERAS;CAFETERAS;ELECTRODOMESTICOS
ENCENDEDORES COCINA;ENCENDEDORES COCINA;ELECTRODOMESTICOS
EXPRIMIDORES;EXPRIMIDORES;ELECTRODOMESTICOS
HERVIDORES;HERVIDORES;ELECTRODOMESTICOS
HORNOS Y COCINAS;HORNOS Y COCINAS;ELECTRODOMESTICOS
LICUADORAS;LICUADORAS;ELECTRODOMESTICOS
PARRILLAS Y SARTENES;PARRILLAS Y SARTENES;ELECTRODOMESTICOS
PLANCHAS;PLANCHAS;ELECTRODOMESTICOS
SACA PELUSAS;SACA PELUSAS;ELECTRODOMESTICOS
SANDWICHERAS;SANDWICHERAS;ELECTRODOMESTICOS
ABRELATAS;ABRELATAS;ELECTRODOMESTICOS
ASPIRADORAS;ASPIRADORAS;ELECTRODOMESTICOS
PICADORAS;PICADORAS;ELECTRODOMESTICOS
TERMOS;TERMOS;ELECTRODOMESTICOS
TOSTADORAS;TOSTADORAS;ELECTRODOMESTICOS
MURALES;MURALES;RELOJES
DESPERTADORES;DESPERTADORES;RELOJES
BALANZA DE BANO;BALANZA DE BANO;BALANZAS
BALANZA DE COCINA;BALANZA DE COCINA;BALANZAS
BALANZA DE MALETAS;BALANZA DE MALETAS;BALANZAS
BALANZA DE NEGOCIO;BALANZA DE NEGOCIO;BALANZAS
AFEITADORAS;AFEITADORAS;CUIDADO PERSONAL
ALISADORES;ALISADORES;CUIDADO PERSONAL
CORTA PELOS;CORTA PELOS;CUIDADO PERSONAL
DEPILADORAS;DEPILADORAS;CUIDADO PERSONAL
ONDULADORES;ONDULADORES;CUIDADO PERSONAL
SECADORES DE PELO;SECADORES DE PELO;CUIDADO PERSONAL
SET BELLEZA;SET BELLEZA;CUIDADO PERSONAL
AUDIFONO AMPLIFICADOR DE SONIDO;AUDIFONO AMPLIFICADOR DE SONIDO;CUIDADO PERSONAL
REPUESTO;REPUESTO;CUIDADO PERSONAL
TOMA PRESION;TOMA PRESION;SALUD
TERMOMETROS;TERMOMETROS;SALUD
ALMOHADILLAS RELAJACIÓN;ALMOHADILLAS RELAJACIÓN;RELAJACION
MASAJEADORES;MASAJEADORES;RELAJACION
SPA PARA PIES;SPA PARA PIES;RELAJACION
ALCALINAS AA;ALCALINAS AA;ALCALINAS
ALCALINAS AAA;ALCALINAS AAA;ALCALINAS
ALCALINAS D;ALCALINAS D;ALCALINAS
ALCALINAS C;ALCALINAS C;ALCALINAS
ALCALINAS 9V;ALCALINAS 9V;ALCALINAS
ALCALINAS N;ALCALINAS N;ALCALINAS
ALCALINAS 6V;ALCALINAS 6V;ALCALINAS
ALCALINAS 12V;ALCALINAS 12V;ALCALINAS
PILAS DE BOTON;PILAS DE BOTON;ALCALINAS
LITHIUM.;LITHIUM.;ALCALINAS
CARBON;CARBON;PILAS DE CARBON
PROBADORES DE PILAS;PROBADORES DE PILAS;ACCESORIOS DE PILAS
CHICOTES PARA PILAS;CHICOTES PARA PILAS;ACCESORIOS DE PILAS
ESTUCHES PARA PILAS;ESTUCHES PARA PILAS;ACCESORIOS DE PILAS
NI-MH AA;NI-MH AA;PILAS RECARGABLES
NI-MH AAA;NI-MH AAA;PILAS RECARGABLES
NI-MH 9V;NI-MH 9V;PILAS RECARGABLES
NI-MH VARIAS;NI-MH VARIAS;PILAS RECARGABLES
LITHIUM;LITHIUM;PILAS RECARGABLES
PARA TELEFONOS FIJOS;PARA TELEFONOS FIJOS;PILAS RECARGABLES
RECARGABLES NI-CD;RECARGABLES NI-CD;PILAS RECARGABLES
BATERIAS DE CAMARAS;BATERIAS DE CAMARAS;PILAS RECARGABLES
SECAS DE 6V;SECAS DE 6V;BATERIAS SECAS
SECAS DE 12V;SECAS DE 12V;BATERIAS SECAS
PLOMO ACIDO;PLOMO ACIDO;BATERIAS SECAS
CICLO PROFUNDO;CICLO PROFUNDO;BATERIAS SECAS
ZINC-AIR;ZINC-AIR;PILAS PARA AUDIFONOS
1,5 METROS;1,5 METROS;ALARGADORES MULTIPLES
3 METROS;3 METROS;ALARGADORES MULTIPLES
5 METROS;5 METROS;ALARGADORES MULTIPLES
CON PROTECCION;CON PROTECCION;ALARGADORES MULTIPLES
VARIOS.;VARIOS.;ALARGADORES MULTIPLES
VARIOS;VARIOS;ALARGADORES SIMPLES
3V;3V;FIJOS
6V;6V;FIJOS
9V;9V;FIJOS
12V;12V;FIJOS
VARIOS..;VARIOS..;FIJOS
UNIVERSALES;UNIVERSALES;MULTIPLES
CARGADOR CON BATERIAS;CARGADOR CON BATERIAS;CARGADOR DE BATERIAS
CARGADOR BATERIAS DE PLOMO;CARGADOR BATERIAS DE PLOMO;CARGADOR DE BATERIAS
CARGADOR INTELIGENTE;CARGADOR INTELIGENTE;CARGADOR DE BATERIAS
CARGADOR BATERIA DE CAMARAS;CARGADOR BATERIA DE CAMARAS;CARGADOR DE BATERIAS
ADAPTADOR 10A/16A;ADAPTADOR 10A/16A;ADAPTADORES DE ENCHUFES
ADAPTADOR DE PATAS 110/220;ADAPTADOR DE PATAS 110/221;ADAPTADORES DE ENCHUFES
ADAPTADOR SHUKO;ADAPTADOR SHUKO;ADAPTADORES DE ENCHUFES
TIMBRES ALAMBRICOS;TIMBRES ALAMBRICOS;TIMBRES DE CASA
TIMBRES INALAMBRICOS;TIMBRES INALAMBRICOS;TIMBRES DE CASA
CAMPANILLAS;CAMPANILLAS;TIMBRES DE CASA
SIRENAS;SIRENAS;TIMBRES DE CASA
PLACAS DE TIMBRES;PLACAS DE TIMBRES;TIMBRES DE CASA
SOPORTES PARA ENCHUFES;SOPORTES PARA ENCHUFES;ACCESORIOS PARA ENCHUFES
MACHO VOLANTE;MACHO VOLANTE;VOLANTES
TRIPLE MULTIPLE VOLANTE;TRIPLE MULTIPLE VOLANTE;VOLANTES
HEMBRAS INDUSTRIALES;HEMBRAS INDUSTRIALES;VOLANTES
MACHOS INDUSTRIALES;MACHOS INDUSTRIALES;VOLANTES
MACHOS VOLANTE 2P+T;MACHOS VOLANTE 2P+T;VOLANTES
MACHOS VOLANTES 2P;MACHOS VOLANTES 2P;VOLANTES
MACHOS VOLANTES DE SEGURIDAD;MACHOS VOLANTES DE SEGURIDAD;VOLANTES
MACHOS VOLANTES SHUKO;MACHOS VOLANTES SHUKO;VOLANTES
HEMBRA VOLANTE;HEMBRA VOLANTE;VOLANTES
MODULOS SHUKO;MODULOS SHUKO;MODULOS DE ENCHUFES
MODULO USB;MODULO USB;MODULOS DE ENCHUFES
MODULO HEMBRA 10A 2P+T;MODULO HEMBRA 10A 2P+T;MODULOS DE ENCHUFES
MODULO HEMBRA 16A 2P+T;MODULO HEMBRA 16A 2P+T;MODULOS DE ENCHUFES
MODULO VARIOS;MODULO VARIOS;MODULOS DE ENCHUFES
MODULO MAGIC SEGURIDAD;MODULO MAGIC SEGURIDAD;MODULOS DE ENCHUFES
HEMBRA SOBREPUESTO;HEMBRA SOBREPUESTO;SOBREPUESTO
VARIOS SOBREPUESTOS;VARIOS SOBREPUESTOS;SOBREPUESTO
MODULO 9/24;MODULO 9/24;MODULOS DE INTERRUPTORES
MODULO 9/15;MODULO 9/15;MODULOS DE INTERRUPTORES
INTERRUPTOR SOBREPUESTO;INTERRUPTOR SOBREPUESTO;MODULOS DE INTERRUPTORES
PULSADOR;PULSADOR;MODULOS DE INTERRUPTORES
VOLANTES;VOLANTES;MODULOS DE INTERRUPTORES
CAMBIADORES;CAMBIADORES;MODULOS DE INTERRUPTORES
CONMUTADOR;CONMUTADOR;MODULOS DE INTERRUPTORES
CRUZAMIENTO;CRUZAMIENTO;MODULOS DE INTERRUPTORES
DE PRESION;DE PRESION;MODULOS DE INTERRUPTORES
MODULO DIMMER;MODULO DIMMER;MODULOS DE INTERRUPTORES
INTERRUPTOR CON LLAVE;INTERRUPTOR CON LLAVE;MODULOS DE INTERRUPTORES
INTERRUPTOR PACCO;INTERRUPTOR PACCO;MODULOS DE INTERRUPTORES
MODULO 9/12;MODULO 9/13;MODULOS DE INTERRUPTORES
PLACAS Y TAPAS;PLACAS Y TAPAS;PLACA ARMADAS
PLACA ARMADA 9/15;PLACA ARMADA 9/15;PLACA ARMADAS
PLACA ARMADA 9/12;PLACA ARMADA 9/12;PLACA ARMADAS
PLACA ARMADA 9/32;PLACA ARMADA 9/32;PLACA ARMADAS
PLACA ARMADA 9/24;PLACA ARMADA 9/24;PLACA ARMADAS
PLACA ARMADA TOMA CORRIENTE;PLACA ARMADA TOMA CORRIENTE;PLACA ARMADAS
PLACA ARMADA SCHUKO;PLACA ARMADA SCHUKO;PLACA ARMADAS
PLACA ARMADA USB;PLACA ARMADA USB;PLACA ARMADAS
PLACA ARMADA PULSADOR;PLACA ARMADA PULSADOR;PLACA ARMADAS
PLACA ARMADA VARIOS;PLACA ARMADA VARIOS;PLACA ARMADAS
AUTOMATICOS TRIFASICOS;AUTOMATICOS TRIFASICOS;AUTOMATICOS
AUTOMATICOS UNIPOLAR;AUTOMATICOS UNIPOLAR;AUTOMATICOS
DIFERENCIALES;DIFERENCIALES;AUTOMATICOS
GUARDA MOTOR;GUARDA MOTOR;AUTOMATICOS
CALOTAS P/AUTOMATICOS;CALOTAS P/AUTOMATICOS;AUTOMATICOS
CONTACTORES;CONTACTORES;AUTOMATICOS
MOLDURAS;MOLDURAS;CANALIZACIONES ELECTRICAS
TUBERIAS CONDUIT;TUBERIAS CONDUIT;CANALIZACIONES ELECTRICAS
GRAMPAS, ABRAZADERAS, BARRAS;GRAMPAS, ABRAZADERAS, BARRAS;CANALIZACIONES ELECTRICAS
PORTA LAMPARAS;PORTA LAMPARAS;ACCESORIOS INSTALACIONES
CINTAS AISLADORAS;CINTAS AISLADORAS;ACCESORIOS INSTALACIONES
BARRAS DE COBRE;BARRAS DE COBRE;ACCESORIOS INSTALACIONES
REGLETAS Y ORGANIZADORES DE CABLES;REGLETAS Y ORGANIZADORES DE CABLES;ACCESORIOS INSTALACIONES
BASES AMPOLLETAS;BASES AMPOLLETAS;ACCESORIOS INSTALACIONES
PARTIDORES.;PARTIDORES.;ACCESORIOS INSTALACIONES
BALLAST;BALLAST;ACCESORIOS INSTALACIONES
FOTOCELDAS;FOTOCELDAS;ACCESORIOS INSTALACIONES
MEDIDORES/REMARCADORES;MEDIDORES/REMARCADORES;ACCESORIOS INSTALACIONES
PRENSAS ESTOPAS Y CONECTORES;PRENSAS ESTOPAS Y CONECTORES;ACCESORIOS INSTALACIONES
LAUCHAS;LAUCHAS;ACCESORIOS INSTALACIONES
RELES.;RELES.;ACCESORIOS INSTALACIONES
ROSETAS;ROSETAS;ACCESORIOS INSTALACIONES
NIPLES Y TUERCAS;NIPLES Y TUERCAS;ACCESORIOS INSTALACIONES
DIMMER;DIMMER;ACCESORIOS INSTALACIONES
PURIFICADORES DE AIRE;PURIFICADORES DE AIRE;ACCESORIOS INSTALACIONES
GANCHOS CAMPANA;GANCHOS CAMPANA;ACCESORIOS INSTALACIONES
BASES FLUORESCENTES;BASES FLUORESCENTES;ACCESORIOS INSTALACIONES
PARTIDORES;PARTIDORES;ACCESORIOS INSTALACIONES
EXTRACTORES DE AIRE;EXTRACTORES DE AIRE;ACCESORIOS INSTALACIONES
CAJAS CHUQUI;CAJAS CHUQUI;CAJAS DE DISTRIBUCION
CAJAS DE DERIVACION;CAJAS DE DERIVACION;CAJAS DE DISTRIBUCION
CAJAS DE EMPALME;CAJAS DE EMPALME;CAJAS DE DISTRIBUCION
CAJAS ESTANCAS;CAJAS ESTANCAS;CAJAS DE DISTRIBUCION
CAJAS PARA TABLEROS Y ACCESORIOS;CAJAS PARA TABLEROS Y ACCESORIOS;CAJAS DE DISTRIBUCION
CAJAS HIDROBOX;CAJAS HIDROBOX;CAJAS DE DISTRIBUCION
ANALOGO;ANALOGO;TEMPORIZADOR
DIGITAL;DIGITAL;TEMPORIZADOR
MOSQUITOS;MOSQUITOS;ULTRASONIDO
AVES;AVES;ULTRASONIDO
ROEDORES;ROEDORES;ULTRASONIDO
INVERSOR 12V/220V;INVERSOR 12V/220V;INVERSORES
INVERSOR 24V/12V;INVERSOR 24V/12V;INVERSORES
INVERSOR 24V/220V;INVERSOR 24V/220V;INVERSORES
FUENTES DE PODER FIJAS;FUENTES DE PODER FIJAS;FUENTES DE PODER
FUENTES DE PODER VARIABLES;FUENTES DE PODER VARIABLES;FUENTES DE PODER
FUENTES DE PODER SWITCHING;FUENTES DE PODER SWITCHING;FUENTES DE PODER
REGULADOR ELECTRONICO;REGULADOR ELECTRONICO;REGULADOR DE VOLTAJE
REGULADORES SERVO;REGULADORES SERVO;REGULADOR DE VOLTAJE
AUTOTRANSFORMADORES;AUTOTRANSFORMADORES;TRANSFORMADORES
TRANSFORMADORES;TRANSFORMADORES;TRANSFORMADORES
VARIAC;VARIAC;TRANSFORMADORES
GASOLINA;GASOLINA;GENERADORES ELECTRICOS
PLACAS;PLACAS;ARDUINOS
SENSORES.;SENSORES.;ARDUINOS
ACCESORIOS.;ACCESORIOS.;ARDUINOS
KIT ENTRENAMIENTO;KIT ENTRENAMIENTO;ARDUINOS
IMPRESIÓN 3D;IMPRESIÓN 3D;ARDUINOS
PANTALLAS LUMINOSAS;PANTALLAS LUMINOSAS;ARDUINOS
TRANSISTORES;TRANSISTORES;TRANSISTORES
BASES PARA TRANSITORES;BASES PARA TRANSITORES;TRANSISTORES
CIRCUITO INTEGRADO;CIRCUITO INTEGRADO;CIRCUITOS INTEGRADOS
SOPORTE CIRCUITO INTEGRADO;SOPORTE CIRCUITO INTEGRADO;CIRCUITOS INTEGRADOS
LED LUMINOSOS;LED LUMINOSOS;DIODOS
BASES LED;BASES LED;DIODOS
ZENER;ZENER;DIODOS
RECTIFICAODR;RECTIFICAODR;DIODOS
DISPLAY;DISPLAY;DIODOS
1/2W;1/2W;RESISTENCIAS
1/4W;1/4W;RESISTENCIAS
1W;1W;RESISTENCIAS
POTENCIA;POTENCIA;RESISTENCIAS
RELES;RELES;RELES
BASES RELE;BASES RELE;RELES
BUZZER Y PIEZO;BUZZER Y PIEZO;PARTES Y COMPONENTES
POTENCIOMETROS;POTENCIOMETROS;PARTES Y COMPONENTES
PARTES DE CONECTORES.;PARTES DE CONECTORES.;PARTES Y COMPONENTES
SWITCH;SWITCH;PARTES Y COMPONENTES
PULSADORES;PULSADORES;PARTES Y COMPONENTES
CRISTALES;CRISTALES;PARTES Y COMPONENTES
VARISTORES;VARISTORES;PARTES Y COMPONENTES
LIMITADORES TERMICOS;LIMITADORES TERMICOS;PARTES Y COMPONENTES
TERMINALES;TERMINALES;PARTES Y COMPONENTES
TURBINAS;TURBINAS;PARTES Y COMPONENTES
BOMBAS DE AGUA;BOMBAS DE AGUA;PARTES Y COMPONENTES
VARIOS…;VARIOS…;PARTES Y COMPONENTES
CAJAS;CAJAS;PARTES Y COMPONENTES
SPAGUETTI;SPAGUETTI;PARTES Y COMPONENTES
DISIPADORES;DISIPADORES;PARTES Y COMPONENTES
INTERRUPTORES;INTERRUPTORES;PARTES Y COMPONENTES
PILOTOS INDICADORES;PILOTOS INDICADORES;PARTES Y COMPONENTES
PLC;PLC;PROGRAMACION INDUSTRIAL
TIMER;TIMER;PROGRAMACION INDUSTRIAL
MOTORES;MOTORES;PROGRAMACION INDUSTRIAL
SENSORES;SENSORES;PROGRAMACION INDUSTRIAL
INDUCTANCIAS;INDUCTANCIAS;PROGRAMACION INDUSTRIAL
TRIACS, THYRISTORES Y DIAC;TRIACS, THYRISTORES Y DIAC;PROGRAMACION INDUSTRIAL
PROTOBOARD;PROTOBOARD;PLACAS DE EXPERIMENTACION
ACCESORIOS PROTOBOARD;ACCESORIOS PROTOBOARD;PLACAS DE EXPERIMENTACION
PLACAS PARA CIRCUITOS;PLACAS PARA CIRCUITOS;PLACAS DE EXPERIMENTACION
ACIDO Y ACCESORIOS PARA PLACAS;ACIDO Y ACCESORIOS PARA PLACAS;PLACAS DE EXPERIMENTACION
CERAMICOS;CERAMICOS;CONDENSADORES
ELECTROLITICOS;ELECTROLITICOS;CONDENSADORES
POLYESTER;POLYESTER;CONDENSADORES
PARA MOTOR 450V;PARA MOTOR 450V;CONDENSADORES
ENERGIAS RENOVABLES;ENERGIAS RENOVABLES;ENTRENADORES
SONDAS LOGICAS;SONDAS LOGICAS;ENTRENADORES
KIT EXPERIMENTACION;KIT EXPERIMENTACION;ENTRENADORES
SONDA LOGICA;SONDA LOGICA;ENTRENADORES
PANELES SOLARES;PANELES SOLARES;SOLARES
CONTROLADORES;CONTROLADORES;SOLARES
INVERSORES;INVERSORES;SOLARES
ACCESORIOS;ACCESORIOS;SOLARES
BATERIAS;BATERIAS;SOLARES
KIT SOLARES;KIT SOLARES;SOLARES
AIRE COMPRIMIDO;AIRE COMPRIMIDO;LIMPIEZA.
KIT DE LIMPIEZA;KIT DE LIMPIEZA;LIMPIEZA.
LIMPIA CONTACTOS;LIMPIA CONTACTOS;LIMPIEZA.
ALCOHOL ISOPROPILICO;ALCOHOL ISOPROPILICO;LIMPIEZA.
DESENGRASANTE;DESENGRASANTE;LIMPIEZA.
SILICONAS;SILICONAS;LIMPIEZA.
GRASAS;GRASAS;LUBRICANTES
LUBRICANTES;LUBRICANTES;LUBRICANTES
BARNIZ;BARNIZ;PROTECTORES
ANTICORROSIVO;ANTICORROSIVO;PROTECTORES
ANTIESTATICOS;ANTIESTATICOS;PROTECTORES
ENFRIADORES;ENFRIADORES;PROTECTORES
PASTA DISIPADORA;PASTA DISIPADORA;DISIPADORES DE CALOR
CAUTINES;CAUTINES;HERRAMIENTAS SOLDADURA
ESTACION DE SOLDADURA;ESTACION DE SOLDADURA;HERRAMIENTAS SOLDADURA
PUNTAS;PUNTAS;ACCESORIOS SOLDADURA
EXTRACTORES DE SOLDAD;EXTRACTORES DE SOLDAD;ACCESORIOS SOLDADURA
MALLAS;MALLAS;ACCESORIOS SOLDADURA
PASTA SOLDADURA;PASTA SOLDADURA;ACCESORIOS SOLDADURA
SOPORTES Y PROTECCIONES;SOPORTES Y PROTECCIONES;ACCESORIOS SOLDADURA
SOLDADURAS;SOLDADURAS;ACCESORIOS SOLDADURA
AMPERIMETRO;AMPERIMETRO;INTSTRUMENTO DE MEDICION ELECTRICA
CAPACITOMETRO;CAPACITOMETRO;INTSTRUMENTO DE MEDICION ELECTRICA
CONTADOR DE FRECUENCIA;CONTADOR DE FRECUENCIA;INTSTRUMENTO DE MEDICION ELECTRICA
MEDIDOR DE AISLACION;MEDIDOR DE AISLACION;INTSTRUMENTO DE MEDICION ELECTRICA
MEDIDOR DE POTENCIA;MEDIDOR DE POTENCIA;INTSTRUMENTO DE MEDICION ELECTRICA
MULTITESTER;MULTITESTER;INTSTRUMENTO DE MEDICION ELECTRICA
VOLTAMPERIMETRO;VOLTAMPERIMETRO;INTSTRUMENTO DE MEDICION ELECTRICA
OSCILOSCOPIO;OSCILOSCOPIO;INTSTRUMENTO DE MEDICION ELECTRICA
ANEMOMETRO;ANEMOMETRO;INSTRUMENTOS DE MEDICION GENERAL
DECIBELIMETRO;DECIBELIMETRO;INSTRUMENTOS DE MEDICION GENERAL
LUXOMETRO;LUXOMETRO;INSTRUMENTOS DE MEDICION GENERAL
MICROMETROS;MICROMETROS;INSTRUMENTOS DE MEDICION GENERAL
MEDIDOR DE TEMPERATURA;MEDIDOR DE TEMPERATURA;INSTRUMENTOS DE MEDICION GENERAL
TACOMETRO;TACOMETRO;INSTRUMENTOS DE MEDICION GENERAL
ULTRASONICO;ULTRASONICO;INSTRUMENTOS DE MEDICION GENERAL
MEDIDOR DE DISTANCIA;MEDIDOR DE DISTANCIA;INSTRUMENTOS DE MEDICION GENERAL
DETECTOR DE FASES;DETECTOR DE FASES;PROBADORES
DETECTOR DE VOLTAJE;DETECTOR DE VOLTAJE;PROBADORES
PROBADOR DE CABLE;PROBADOR DE CABLE;PROBADORES
PROBADOR DE VOLTAJE;PROBADOR DE VOLTAJE;PROBADORES
PROBADOR TOMATIERRA;PROBADOR TOMATIERRA;PROBADORES
FUSIBLES VIDRIO;FUSIBLES VIDRIO;PROTECTORES DE CORRIENTE
FUSIBLES LOZA;FUSIBLES LOZA;PROTECTORES DE CORRIENTE
PORTAFUSIBLES;PORTAFUSIBLES;PROTECTORES DE CORRIENTE
GENERADOR DE FUNCIONES;GENERADOR DE FUNCIONES;GENERADORES
GENERADOR DE AUDIO;GENERADOR DE AUDIO;GENERADORES
CONECTORES MACHO;CONECTORES MACHO;CONECTORES
CONECTORES HEMBRA;CONECTORES HEMBRA;CONECTORES
BANANAS;BANANAS;CONECTORES
BORNERAS;BORNERAS;CONECTORES
CLIPS;CLIPS;CONECTORES
PUNTAS DE PRUEBA;PUNTAS DE PRUEBA;CONECTORES
PARTES DE CONECTORES;PARTES DE CONECTORES;CONECTORES
ADAPTADORES.;ADAPTADORES.;ADAPTADORES Y COPLAS
COPLAS;COPLAS;ADAPTADORES Y COPLAS
ANTENA TV CONVENCIONAL;ANTENA TV CONVENCIONAL;ANTENAS
ANTENA TV DIGITAL;ANTENA TV DIGITAL;ANTENAS
ANTENA TV EXTERIOR;ANTENA TV EXTERIOR;ANTENAS
BALUM;BALUM;ACCESORIOS ANTENAS
MONTAJE EXTERIOR;MONTAJE EXTERIOR;ACCESORIOS ANTENAS
SOPORTES PARED;SOPORTES PARED;SOPORTES PARA TELEVISORES
SOPORTES DE TECHO;SOPORTES DE TECHO;SOPORTES PARA TELEVISORES
SOPORTES DE PISO;SOPORTES DE PISO;SOPORTES PARA TELEVISORES
SOPORTE PROYECTOR;SOPORTE PROYECTOR;SOPORTE PROYECTOR
SOPORTE DVD;SOPORTE DVD;SOPORTE DVD
SINTONIZADORES DE TELEVISION;SINTONIZADORES DE TELEVISION;DECODIFICADORES
SPLITER;SPLITER;ACCESORIOS ANTENAS
AMPLIFICADOR DE SEÑAL;AMPLIFICADOR DE SEÑAL;ACCESORIOS ANTENAS
KIT DECODIFICADORES;KIT DECODIFICADORES;DECODIFICADORES
DECODIFICADOR;DECODIFICADOR;DECODIFICADORES
MINITRIPODES;MINITRIPODES;TRIPODES
MONOPODOS;MONOPODOS;TRIPODES
TRIPODES;TRIPODES;TRIPODES
CONTROL REMOTO P/MARCA;CONTROL REMOTO P/MARCA;CONTROLES REMOTOS TV
CONTROL REMOTO UNIVERSAL;CONTROL REMOTO UNIVERSAL;CONTROLES REMOTOS TV
FIJO;FIJO;REPRODUCTOR DVD Y TV
PORTATIL;PORTATIL;REPRODUCTOR DVD Y TV
BLU-RAY;BLU-RAY;REPRODUCTOR DVD Y TV
TELEVISORES PORTATILES;TELEVISORES PORTATILES;REPRODUCTOR DVD Y TV
SWITCH A/V;SWITCH A/V;SPLITTER Y SWITCH DE TV
LED E27;LED E28;AMPOLLETAS LED
LEG GU10;LEG GU11;AMPOLLETAS LED
LED E14;LED E15;AMPOLLETAS LED
LED G9;LED G10;AMPOLLETAS LED
LED GU5.3;LED GU5.4;AMPOLLETAS LED
INCANDECENTES E27;INCANDECENTES E27;AMPOLLETAS INCANDECENTES
INCANDECENTES E14;INCANDECENTES E14;AMPOLLETAS INCANDECENTES
INCANDECENTE B15;INCANDECENTE B16;AMPOLLETAS INCANDECENTES
INCANDECENTE G4;INCANDECENTE G5;AMPOLLETAS INCANDECENTES
INCANDECENTE GU5.3;INCANDECENTE GU5.4;AMPOLLETAS INCANDECENTES
INCANDECENTE G9;INCANDECENTE G10;AMPOLLETAS INCANDECENTES
INCANDECENTE GU10;INCANDECENTE GU11;AMPOLLETAS INCANDECENTES
INCANDECENTE GY6.35;INCANDECENTE GY6.36;AMPOLLETAS INCANDECENTES
INCANDECENTE GY9.5;INCANDECENTE GY9.6;AMPOLLETAS INCANDECENTES
INCANDECENTE PAR56;INCANDECENTE PAR56;AMPOLLETAS INCANDECENTES
INCANDECENTE PAR64;INCANDECENTE PAR64;AMPOLLETAS INCANDECENTES
INCANDECENTE PAR36;INCANDECENTE PAR36;AMPOLLETAS INCANDECENTES
INCANDECENTE S14;INCANDECENTE S15;AMPOLLETAS INCANDECENTES
INCANDECENTES PILOTO;INCANDECENTES PILOTO;AMPOLLETAS INCANDECENTES
CFL E27;CFL E27;AMPOLLETAS CFL
CFL E14;CFL E14;AMPOLLETAS CFL
CFL E40;CFL E40;AMPOLLETAS CFL
CFL GU10;CFL GU11;AMPOLLETAS CFL
AMPOLLETAS DE PROYECCION;AMPOLLETAS DE PROYECCION;AMPOLLETAS HALOGENAS
HALOGENA R7S;HALOGENA R7S;AMPOLLETAS HALOGENAS
HALOGENA G9;HALOGENA G10;AMPOLLETAS HALOGENAS
AMPOLLETA DE VEHICULO;AMPOLLETA DE VEHICULO;AMPOLLETAS HALOGENAS
REPUESTOS NAVIDAD;REPUESTOS NAVIDAD;AMPOLLETAS HALOGENAS
AMPOLLETAS DE SODIO HALURO;AMPOLLETAS DE SODIO HALURO;AMPOLLETAS DE DESCARGA
ROSCA E10;ROSCA E11;AMPOLLETAS LINTERNA
BAYONETA;BAYONETA;AMPOLLETAS LINTERNA
BIPIN;BIPIN;AMPOLLETAS LINTERNA
INFRAROJAS E27;INFRAROJAS E28;AMPOLLETAS INFRAROJAS
T8.;T8.;TUBO FLUORESCENTE
T5.;T5.;TUBO FLUORESCENTE
CIRCULAR;CIRCULAR;TUBO FLUORESCENTE
GERMICIDA;GERMICIDA;TUBO FLUORESCENTE
LUZ NEGRA;LUZ NEGRA;TUBO FLUORESCENTE
ULTRAVIOLETA;ULTRAVIOLETA;TUBO FLUORESCENTE
TUBO PLC 2Y4;TUBO PLC 2Y5;TUBO FLUORESCENTE
T4;T4;TUBO FLUORESCENTE
T8;T8;TUBO LED
T5;T5;TUBO LED
PILAS.;PILAS.;MANUAL LED
RECARGABLE.;RECARGABLE.;MANUAL LED
BICICLETA;BICICLETA;MANUAL LED
CINTILLO;CINTILLO;MANUAL LED
SOLAR DINAMO;SOLAR DINAMO;MANUAL LED
FOCO RECARGABLE;FOCO RECARGABLE;MANUAL LED
PILAS;PILAS;MANUAL INCANDECENTE
RECARGABLE;RECARGABLE;MANUAL INCANDECENTE
CAMPING;CAMPING;MULTIFUNCION
LAMPARA LED;LAMPARA LED;LAMPARAS DE EMERGENCIA
LAMPARA FOCO LED;LAMPARA FOCO LED;LAMPARAS DE EMERGENCIA
LAMPARA FLUORESCENTE;LAMPARA FLUORESCENTE;LAMPARAS DE EMERGENCIA
BOLSOS Y FUNDAS;BOLSOS Y FUNDAS;ACCESORIOS CAMARAS VIDEOS
FOCOS P/CAMARAS DE VIDEO;FOCOS P/CAMARAS DE VIDEO;ACCESORIOS CAMARAS VIDEOS
CINTAS DE GRABACION;CINTAS DE GRABACION;MEDIOS DE GRABACION
CD GRABABLES;CD GRABABLES;MEDIOS DE GRABACION
DVD GRABABLES;DVD GRABABLES;MEDIOS DE GRABACION
CASSETTES;CASSETTES;MEDIOS DE GRABACION
SPLITTER HDMI;SPLITTER HDMI;SPLITTER Y SWITCH DE TV
SWITCH HDMI;SWITCH HDMI;SPLITTER Y SWITCH DE TV
HALOGENO CON SENSOR DE MOVIMIENTO;HALOGENO CON SENSOR DE MOVIMIENTO;PROYECTOR DE AREA
HALOGENO SIN SENSOR DE MOVIMIENTO;HALOGENO SIN SENSOR DE MOVIMIENTO;PROYECTOR DE AREA
LED CON SENSOR DE MOVIMIENTO;LED CON SENSOR DE MOVIMIENTO;PROYECTOR DE AREA
LED SIN SENSOR DE MOVIMIENTO;LED SIN SENSOR DE MOVIMIENTO;PROYECTOR DE AREA
FOCO TORTUGA;FOCO TORTUGA;FOCO SOBREPUESTO
ESTACA SOLAR;ESTACA SOLAR;FOCO SOBREPUESTO
FAROLES;FAROLES;FOCO SOBREPUESTO
SOBREPUESTO CUADRADO;SOBREPUESTO CUADRADO;PANEL LED
SOBREPUESTO REDONDO;SOBREPUESTO REDONDO;PANEL LED
EMBUTIDO CUADRADO;EMBUTIDO CUADRADO;PANEL LED
EMBUTIDO REDONDO;EMBUTIDO REDONDO;PANEL LED
SOBREPUESTO.;SOBREPUESTO.;PLAFON
SOBREPUESTO;SOBREPUESTO;FOCOS
ANTICUCOS;ANTICUCOS;FOCOS
LAMPARA DE ESCRITORIO;LAMPARA DE ESCRITORIO;FOCOS
LAMPARA DE VELADOR;LAMPARA DE VELADOR;FOCOS
CAMPANAS;CAMPANAS;FOCOS
EMBUTIDOS;EMBUTIDOS;FOCOS
LAMPARAS LUPAS;LAMPARAS LUPAS;FOCOS
BALIZAS 12V;BALIZAS 12V;BALIZAS
BALIZAS 220V;BALIZAS 220V;BALIZAS
LED 1 TUBO;LED 1 TUBO;EQUIPO FLUORESCENTE
LED 2 TUBOS;LED 2 TUBOS;EQUIPO FLUORESCENTE
NORMAL 1 TUBO;NORMAL 1 TUBO;EQUIPO FLUORESCENTE
NORMAL 2 TUBOS;NORMAL 2 TUBOS;EQUIPO FLUORESCENTE
ALTA EFICIENCIA;ALTA EFICIENCIA;EQUIPO FLUORESCENTE
ESTANCO;ESTANCO;EQUIPO FLUORESCENTE
Consolas;Consolas;VIDEO JUEGOS
Juegos;Juegos;VIDEO JUEGOS
Controles;Controles;VIDEO JUEGOS
LENTES 3D/VR;LENTES 3D/VR;VIDEO JUEGOS
Accesorios consolas;Accesorios consolas;VIDEO JUEGOS
Drones;Drones;HOBBIES
Telescopios;Telescopios;HOBBIES
Microscopios;Microscopios;HOBBIES
Binoculares;Binoculares;HOBBIES
Camaras deportivas;Camaras deportivas;CAMARAS DEPORTIVAS
Accesorios Camaras;Accesorios Camaras;CAMARAS DEPORTIVAS
Microfono Karaoke;Microfono Karaoke;NIÑOS
Varios;Varios;NIÑOS
Juguetes;Juguetes;NIÑOS
Scooters;Scooters;RODADOS
Skeatboard;Skeatboard;RODADOS
Hoverboard;Hoverboard;RODADOS
Motos;Motos;RODADOS
CABLE AUDIO RCA A 3,5;CABLE AUDIO RCA A 3,6;CABLES ARMADOS DE AUDIO
CABLE AUDIO 3.5 A 3.5;CABLE AUDIO 3.5 A 3.6;CABLES ARMADOS DE AUDIO
CABLE AUDIO 3.5 A 6.3;CABLE AUDIO 3.5 A 6.4;CABLES ARMADOS DE AUDIO
CABLE AUDIO 2RCA A 2RCA;CABLE AUDIO 2RCA A 2RCA;CABLES ARMADOS DE AUDIO
CABLE AUDIO 3RCA  A 3RCA;CABLE AUDIO 3RCA  A 3RCA;CABLES ARMADOS DE AUDIO
CABLE  AUDIO 2RCA A 6,3;CABLE  AUDIO 2RCA A 6,4;CABLES ARMADOS DE AUDIO
CABLE AUDIO 1RCA A 1RCA;CABLE AUDIO 1RCA A 1RCA;CABLES ARMADOS DE AUDIO
CABLES PARA GUITARRAS;CABLES PARA GUITARRAS;CABLES ARMADOS DE AUDIO
CABLES PARA MICROFONO;CABLES PARA MICROFONO;CABLES ARMADOS DE AUDIO
CABLE OPTICO;CABLE OPTICO;CABLES ARMADOS DE AUDIO
CABLES DE ALIMENTACION (PODER);CABLES DE ALIMENTACION (PODER);CABLES ARMADOS DE AUDIO
CABLE VIDEO 3,5 A 3RCA;CABLE VIDEO 3,5 A 3RCA;CABLES ARMADOS DE VIDEO
CABLE VIDEO COAXIAL ARMADO;CABLE VIDEO COAXIAL ARMADO;CABLES ARMADOS DE VIDEO
CABLE SUPER VIDEO;CABLE SUPER VIDEO;CABLES ARMADOS DE VIDEO
CABLE HDMI;CABLE HDMI;CABLES ARMADOS DE VIDEO
CABLE HDMI A MINIHDMI;CABLE HDMI A MINIHDMI;CABLES ARMADOS DE VIDEO
CABLE HDMI A DVI;CABLE HDMI A DVI;CABLES ARMADOS DE VIDEO
COAXIAL POR METRO;COAXIAL POR METRO;CABLES PARA ARMAR
CABLE COMPUTACION POR METRO;CABLE COMPUTACION POR METRO;CABLES PARA ARMAR
CABLE DE CONEXIÓN POR METROS;CABLE DE CONEXIÓN POR METROS;CABLES PARA ARMAR
CABLE MICROFONO POR METRO;CABLE MICROFONO POR METRO;CABLES PARA ARMAR
CABLE PARLANTE POR METRO;CABLE PARLANTE POR METRO;CABLES PARA ARMAR
CABLE PARA ANTENA PLANO;CABLE PARA ANTENA PLANO;CABLES PARA ARMAR
CABLE DE RED ARMADO;CABLE DE RED ARMADO;CABLES DE COMPUTACION ARMADO
CABLE DE VIDEO VGA;CABLE DE VIDEO VGA;CABLES DE COMPUTACION ARMADO
CABLE USB A/B;CABLE USB A/B;CABLES DE COMPUTACION ARMADO
CABLE TIPO C;CABLE TIPO C;CABLES DE COMPUTACION ARMADO
CABLE USB A MINI USB;CABLE USB A MINI USB;CABLES DE COMPUTACION ARMADO
CABLE USB TABLET;CABLE USB TABLET;CABLES DE COMPUTACION ARMADO
CABLE USB VARIOS;CABLE USB VARIOS;CABLES DE COMPUTACION ARMADO
CABLE EXTENSION USB;CABLE EXTENSION USB;CABLES DE COMPUTACION ARMADO
CABLE DE DATOS COMPUTACION VARIOS;CABLE DE DATOS COMPUTACION VARIOS;CABLES DE COMPUTACION ARMADO
CABLE USB A MICROUSB;CABLE USB A MICROUSB;CABLES PARA CELULARES
CABLE USB IPHONE;CABLE USB IPHONE;CABLES PARA CELULARES
CABLES PARA CELULARES;CABLES PARA CELULARES;CABLES PARA CELULARES
CABLES INSTALACIONES TELEFONICAS;CABLES INSTALACIONES TELEFONICAS;CABLES PARA INSTALACIONES
CABLE UTP;CABLE UTP;CABLES PARA INSTALACIONES
CORDON ELECTRICO 2 CONDUCTORES;CORDON ELECTRICO 2 CONDUCTORES;CABLES PARA INSTALACIONES
CORDON ELECTRICO 3 CONDUCTORES;CORDON ELECTRICO 3 CONDUCTORES;CABLES PARA INSTALACIONES
CORDON ELECTRICIO 4 CONDUCTORES;CORDON ELECTRICIO 4 CONDUCTORES;CABLES PARA INSTALACIONES
CALECO;CALECO;CABLES PARA INSTALACIONES
NYA 1.5MM;NYA 1.5MM;CABLES PARA INSTALACIONES
NYA 2.5MM;NYA 2.5MM;CABLES PARA INSTALACIONES
CABLE SIN HALOGENO;CABLE SIN HALOGENO;CABLES PARA INSTALACIONES
TAC 16;TAC 16;CABLES PARA INSTALACIONES
TAC 18;TAC 18;CABLES PARA INSTALACIONES
TAC 14;TAC 14;CABLES PARA INSTALACIONES
TAC 20;TAC 20;CABLES PARA INSTALACIONES
TAC 10;TAC 10;CABLES PARA INSTALACIONES
TAC 12;TAC 12;CABLES PARA INSTALACIONES
THHN 12;THHN 12;CABLES PARA INSTALACIONES
THHN 14;THHN 14;CABLES PARA INSTALACIONES
THHN 10;THHN 10;CABLES PARA INSTALACIONES
EXTENSIONES TELEFONICAS;EXTENSIONES TELEFONICAS;CABLES TELEFONIA FIJA
ADAPTADOR DE AUDIO BLUETOOTH;ADAPTADOR DE AUDIO BLUETOOTH;ADPTADOR BLUETOOTH
ADAPTADOR USB A BLUETOOTH;ADAPTADOR USB A BLUETOOTH;ADPTADOR BLUETOOTH
CONVERSOR VIDEO HDMI;CONVERSOR VIDEO HDMI;CONVERSORES DE VIDEO
CONVERSOR DE CELULAR A  VIDEO;CONVERSOR DE CELULAR A  VIDEO;CONVERSORES DE VIDEO
CONVERSOR DE AUDIO;CONVERSOR DE AUDIO;CONVERTIDOR DE AUDIO
ALICATE UNIVERSAL;ALICATE UNIVERSAL;HERRAMIENTAS MANUALES
ALICATE PUNTA;ALICATE PUNTA;HERRAMIENTAS MANUALES
ALICATE CORTANTE;ALICATE CORTANTE;HERRAMIENTAS MANUALES
ALICATE PELACABLES;ALICATE PELACABLES;HERRAMIENTAS MANUALES
ALICATES VARIOS;ALICATES VARIOS;HERRAMIENTAS MANUALES
JUEGOS DE ALICATE;JUEGOS DE ALICATE;HERRAMIENTAS MANUALES
DESTORNILLADOR CRUZ;DESTORNILLADOR CRUZ;HERRAMIENTAS MANUALES
DESTORNILLADOR PALETA;DESTORNILLADOR PALETA;HERRAMIENTAS MANUALES
DESTORNILLADOR PRECISION;DESTORNILLADOR PRECISION;HERRAMIENTAS MANUALES
PROBADORES NEON;PROBADORES NEON;HERRAMIENTAS MANUALES
DESTORNILLADORES VARIOS;DESTORNILLADORES VARIOS;HERRAMIENTAS MANUALES
JUEGO DESTORNILLADORES;JUEGO DESTORNILLADORES;HERRAMIENTAS MANUALES
CRIMPIADORES;CRIMPIADORES;HERRAMIENTAS MANUALES
CUCHILLOS CARTONEROS;CUCHILLOS CARTONEROS;HERRAMIENTAS MANUALES
ESCOBILLAS DE METAL;ESCOBILLAS DE METAL;HERRAMIENTAS MANUALES
FORMONES PARA TALLADOS;FORMONES PARA TALLADOS;HERRAMIENTAS MANUALES
JUEGOS DE HERRAMIENTAS;JUEGOS DE HERRAMIENTAS;HERRAMIENTAS MANUALES
SET DE AMARRA CABLES;SET DE AMARRA CABLES;HERRAMIENTAS MANUALES
LLAVES AJUSTABLES;LLAVES AJUSTABLES;HERRAMIENTAS MANUALES
MARTILLOS;MARTILLOS;HERRAMIENTAS MANUALES
ENGRAPADORA;ENGRAPADORA;HERRAMIENTAS MANUALES
HERRAMIENTAS VARIAS;HERRAMIENTAS VARIAS;HERRAMIENTAS MANUALES
LUPAS;LUPAS;HERRAMIENTAS MANUALES
CORTA PLUMAS;CORTA PLUMAS;HERRAMIENTAS MANUALES
BROCHAS;BROCHAS;HERRAMIENTAS MANUALES
LLAVEROS;LLAVEROS;HERRAMIENTAS MANUALES
PARA REDES;PARA REDES;HERRAMIENTAS MANUALES
TALADROS;TALADROS;HERRAMIENTAS ELECTRICAS
MINI TALADROS;MINI TALADROS;HERRAMIENTAS ELECTRICAS
PISTOLAS CALOR;PISTOLAS CALOR;HERRAMIENTAS ELECTRICAS
SELLADORA DE PLASTICOS;SELLADORA DE PLASTICOS;HERRAMIENTAS ELECTRICAS
ATORNILLADORES INALAMBRICOS;ATORNILLADORES INALAMBRICOS;HERRAMIENTAS ELECTRICAS
LIMPIEZA;LIMPIEZA;HERRAMIENTAS ELECTRICAS
COMPRESOR PINTURAS;COMPRESOR PINTURAS;HERRAMIENTAS ELECTRICAS
SIERRAS;SIERRAS;HERRAMIENTAS ELECTRICAS
LIJADORAS ELECTRICAS;LIJADORAS ELECTRICAS;HERRAMIENTAS ELECTRICAS
MULTIHERRAMIENTAS;MULTIHERRAMIENTAS;HERRAMIENTAS ELECTRICAS
ESMERILES ANGULARES;ESMERILES ANGULARES;HERRAMIENTAS ELECTRICAS
PINZAS;PINZAS;HERRAMIENTAS ELECTRICAS
CEPILLO ELECTRICO;CEPILLO ELECTRICO;HERRAMIENTAS ELECTRICAS
SOPLADOR Y ASPIRADOR;SOPLADOR Y ASPIRADOR;HERRAMIENTAS ELECTRICAS
JUEGOS DE PUNTAS;JUEGOS DE PUNTAS;ACCESORIOS PARA HERRAMIENTAS
CAJAS >MALETINES PARA HERRAMIENTAS;CAJAS >MALETINES PARA HERRAMIENTAS;ACCESORIOS PARA HERRAMIENTAS
CARRO DE TRANSPORTE;CARRO DE TRANSPORTE;ACCESORIOS PARA HERRAMIENTAS
CARTUCHERA PARA HERRAMIENTAS;CARTUCHERA PARA HERRAMIENTAS;ACCESORIOS PARA HERRAMIENTAS
DESMAGNETIZADOR;DESMAGNETIZADOR;ACCESORIOS PARA HERRAMIENTAS
CORCHETES;CORCHETES;ACCESORIOS PARA HERRAMIENTAS
GRAPAS PARA CORCHETERA;GRAPAS PARA CORCHETERA;ACCESORIOS PARA HERRAMIENTAS
REMACHES;REMACHES;ACCESORIOS PARA HERRAMIENTAS
DISCOS DE CORTES;DISCOS DE CORTES;ACCESORIOS PARA HERRAMIENTAS
DISCOS DE DESBASTES;DISCOS DE DESBASTES;ACCESORIOS PARA HERRAMIENTAS
BROCAS PARA CONCRETO  >MADERA;BROCAS PARA CONCRETO  >MADERA;ACCESORIOS PARA HERRAMIENTAS
CERRADURA ELECTRICA;CERRADURA ELECTRICA;CERRADURAS
CERRADURA MANUAL;CERRADURA MANUAL;CERRADURAS
CANDADOS LLAVES >CLAVES;CANDADOS LLAVES >CLAVES;CERRADURAS
CANDADOS ANTIPALANCA;CANDADOS ANTIPALANCA;CERRADURAS
CANDADOS DE SEGURIDAD;CANDADOS DE SEGURIDAD;CERRADURAS
BRAZO HIDRAULICO;BRAZO HIDRAULICO;CERRADURAS
LA GOTITA;LA GOTITA;ADHESIVOS
AGOREX;AGOREX;ADHESIVOS
COLA FRIA;COLA FRIA;ADHESIVOS
ELASTOCELLO;ELASTOCELLO;ADHESIVOS
ADHESIVO PAPEL;ADHESIVO PAPEL;ADHESIVOS
BARRA SILICONA;BARRA SILICONA;ADHESIVOS
PEGAMENTOS VARIOS;PEGAMENTOS VARIOS;ADHESIVOS
TARUGOS;TARUGOS;FIJACIONES
TORNILLOS;TORNILLOS;FIJACIONES
PRENSA PARA TORNILLOS;PRENSA PARA TORNILLOS;FIJACIONES
TUERCAS;TUERCAS;FIJACIONES
PERNOS;PERNOS;FIJACIONES
AMARRAS PLASTICAS;AMARRAS PLASTICAS;FIJACIONES
FIJADOR AMARRA PLASTICA;FIJADOR AMARRA PLASTICA;FIJACIONES
GRAPAS CABLE COAXIAL;GRAPAS CABLE COAXIAL;FIJACIONES
CINTA DOBLE CONTACTO;CINTA DOBLE CONTACTO;FIJACIONES
CINTA MULTIUSO;CINTA MULTIUSO;FIJACIONES
CINTA EMBALAJE;CINTA EMBALAJE;FIJACIONES
HUINCHA DE MEDIR;HUINCHA DE MEDIR;MEDICION
PIE DE METRO;PIE DE METRO;MEDICION
LENTES;LENTES;PROTECCION DE OJOS
MASCARAS;MASCARAS;PROTECCION DE OJOS
GUANTES;GUANTES;PROTECCION DE MANOS
TAPONES;TAPONES;PROTECCION PARA LOS OIDOS
FONOS;FONOS;PROTECCION PARA LOS OIDOS
VARIOS,;VARIOS,;PROTECCION VARIAS
REGULADORES >FLEXIBLES;REGULADORES >FLEXIBLES;ACCEORIOS PARA COCINA
KIT REGULADOR + FLEXIBLE;KIT REGULADOR + FLEXIBLE;ACCEORIOS PARA COCINA
SOPLETES;SOPLETES;ACCESORIOS PARA SOLDAR
BALONES GAS;BALONES GAS;ACCESORIOS PARA SOLDAR
ELECTRODOS;ELECTRODOS;ACCESORIOS PARA SOLDAR
CONBUSTIBLE >DISEL;CONBUSTIBLE >DISEL;GENERADORES.
Laser;Laser;LUCES DISCO
UV;UV;LUCES DISCO
Led;Led;LUCES DISCO
Estroboscopica;Estroboscopica;LUCES DISCO
Parlantes Disco;Parlantes Disco;PARLANTES DISCO
Maquinas de Humo;Maquinas de Humo;MAQUINAS DE HUMO
Bolas disco;Bolas disco;BOLAS DISCO
Controlador DMX;Controlador DMX;CONTROLADOR DMX
SIN PANTALLA;SIN PANTALLA;RADIOS PARA AUTOS
CON PANTALLA;CON PANTALLA;RADIOS PARA AUTOS
RADIOS + PARLANTES;RADIOS + PARLANTES;RADIOS PARA AUTOS
AMPLIFICADORES;AMPLIFICADORES;PARLANTES PARA AUTOS
BAZUKAS.;BAZUKAS.;PARLANTES PARA AUTOS
PARLANTES;PARLANTES;PARLANTES PARA AUTOS
